{"stats":{"minecraft:picked_up":{"minecraft:birch_log":4},"minecraft:mined":{"minecraft:birch_log":4,"minecraft:birch_leaves":1},"minecraft:custom":{"minecraft:jump":38,"minecraft:time_since_rest":2429,"minecraft:damage_taken":10,"minecraft:crouch_one_cm":43,"minecraft:sprint_one_cm":7859,"minecraft:leave_game":2,"minecraft:play_time":2429,"minecraft:walk_on_water_one_cm":318,"minecraft:time_since_death":2429,"minecraft:walk_one_cm":2571,"minecraft:sneak_time":7,"minecraft:total_world_time":2429,"minecraft:fall_one_cm":3042,"minecraft:fly_one_cm":12516}},"DataVersion":3465}